f;u;r;value
Entero;1;1;0.0
Entero;2;1;0.0
Entero;3;1;0.0
Entero;4;1;0.0
Entero;5;1;0.0
Entero;6;1;66.33560489026695
Entero;7;1;970.0
Entero;8;1;957.0000000000246
Medio Pollo;1;1;0.0
Medio Pollo;2;1;0.0
Medio Pollo;3;1;0.0
Medio Pollo;4;1;0.0
Medio Pollo;5;1;0.0
Medio Pollo;6;1;0.0
Medio Pollo;7;1;683.6250263186962
Medio Pollo;8;1;1056.5
Medio Pollo Superior;1;1;0.0
Medio Pollo Superior;2;1;0.0
Medio Pollo Superior;3;1;0.0
Medio Pollo Superior;4;1;0.0
Medio Pollo Superior;5;1;0.0
Medio Pollo Superior;6;1;0.0
Medio Pollo Superior;7;1;0.0
Medio Pollo Superior;8;1;899.742408521028
Medio Pollo Inferior;1;1;0.0
Medio Pollo Inferior;2;1;0.0
Medio Pollo Inferior;3;1;0.0
Medio Pollo Inferior;4;1;0.0
Medio Pollo Inferior;5;1;0.0
Medio Pollo Inferior;6;1;0.0
Medio Pollo Inferior;7;1;516.2973109382074
Medio Pollo Inferior;8;1;1110.4516129032259
Cuarto de Pollo Superior;1;1;0.0
Cuarto de Pollo Superior;2;1;0.0
Cuarto de Pollo Superior;3;1;0.0
Cuarto de Pollo Superior;4;1;0.0
Cuarto de Pollo Superior;5;1;0.0
Cuarto de Pollo Superior;6;1;0.0
Cuarto de Pollo Superior;7;1;0.0
Cuarto de Pollo Superior;8;1;1147.2001698324575
Muslo Entero;1;1;0.0
Muslo Entero;2;1;0.0
Muslo Entero;3;1;0.0
Muslo Entero;4;1;0.0
Muslo Entero;5;1;936.5710473902429
Muslo Entero;6;1;1301.6774193548388
Muslo Entero;7;1;1294.758064516129
Muslo Entero;8;1;1297.6935483870968
Pechuga Completa;1;1;0.0
Pechuga Completa;2;1;0.0
Pechuga Completa;3;1;0.0
Pechuga Completa;4;1;0.0
Pechuga Completa;5;1;0.0
Pechuga Completa;6;1;0.0
Pechuga Completa;7;1;0.0
Pechuga Completa;8;1;976.0920598308705
Ala Completa;1;1;0.0
Ala Completa;2;1;0.0
Ala Completa;3;1;0.0
Ala Completa;4;1;0.0
Ala Completa;5;1;51.996667629468675
Ala Completa;6;1;763.3548387096774
Ala Completa;7;1;773.1290322580645
Ala Completa;8;1;782.3225806451588
Media Pechuga;1;1;0.0
Media Pechuga;2;1;0.0
Media Pechuga;3;1;0.0
Media Pechuga;4;1;0.0
Media Pechuga;5;1;0.0
Media Pechuga;6;1;0.0
Media Pechuga;7;1;417.33930448490037
Media Pechuga;8;1;2252.4193548387098
Blanqueta;1;1;0.0
Blanqueta;2;1;0.0
Blanqueta;3;1;0.0
Blanqueta;4;1;0.0
Blanqueta;5;1;0.0
Blanqueta;6;1;0.0
Blanqueta;7;1;0.0
Blanqueta;8;1;0.0
Alón;1;1;0.0
Alón;2;1;0.0
Alón;3;1;0.0
Alón;4;1;0.0
Alón;5;1;0.0
Alón;6;1;0.0
Alón;7;1;0.0
Alón;8;1;0.0
Punta;1;1;0.0
Punta;2;1;0.0
Punta;3;1;0.0
Punta;4;1;0.0
Punta;5;1;0.0
Punta;6;1;0.0
Punta;7;1;0.0
Punta;8;1;0.0
Jamoncito;1;1;0.0
Jamoncito;2;1;0.0
Jamoncito;3;1;0.0
Jamoncito;4;1;0.0
Jamoncito;5;1;0.0
Jamoncito;6;1;0.0
Jamoncito;7;1;0.0
Jamoncito;8;1;263.9011282321792
Medio Muslo;1;1;0.0
Medio Muslo;2;1;0.0
Medio Muslo;3;1;0.0
Medio Muslo;4;1;0.0
Medio Muslo;5;1;0.0
Medio Muslo;6;1;0.0
Medio Muslo;7;1;0.0
Medio Muslo;8;1;0.0
Entero;1;2;0.0
Entero;2;2;0.0
Entero;3;2;0.0
Entero;4;2;0.0
Entero;5;2;0.0
Entero;6;2;0.0
Entero;7;2;0.0
Entero;8;2;608.9956844077501
Medio Pollo;1;2;0.0
Medio Pollo;2;2;0.0
Medio Pollo;3;2;0.0
Medio Pollo;4;2;0.0
Medio Pollo;5;2;0.0
Medio Pollo;6;2;0.0
Medio Pollo;7;2;0.0
Medio Pollo;8;2;847.8524918231313
Medio Pollo Superior;1;2;0.0
Medio Pollo Superior;2;2;0.0
Medio Pollo Superior;3;2;0.0
Medio Pollo Superior;4;2;0.0
Medio Pollo Superior;5;2;0.0
Medio Pollo Superior;6;2;0.0
Medio Pollo Superior;7;2;1003.4372893608735
Medio Pollo Superior;8;2;1323.8709677419356
Medio Pollo Inferior;1;2;0.0
Medio Pollo Inferior;2;2;0.0
Medio Pollo Inferior;3;2;0.0
Medio Pollo Inferior;4;2;0.0
Medio Pollo Inferior;5;2;0.0
Medio Pollo Inferior;6;2;0.0
Medio Pollo Inferior;7;2;0.0
Medio Pollo Inferior;8;2;229.83281127446423
Cuarto de Pollo Superior;1;2;0.0
Cuarto de Pollo Superior;2;2;0.0
Cuarto de Pollo Superior;3;2;0.0
Cuarto de Pollo Superior;4;2;0.0
Cuarto de Pollo Superior;5;2;0.0
Cuarto de Pollo Superior;6;2;0.0
Cuarto de Pollo Superior;7;2;0.0
Cuarto de Pollo Superior;8;2;171.0235920407065
Muslo Entero;1;2;0.0
Muslo Entero;2;2;0.0
Muslo Entero;3;2;0.0
Muslo Entero;4;2;0.0
Muslo Entero;5;2;0.0
Muslo Entero;6;2;93.03178990515062
Muslo Entero;7;2;1294.758064516129
Muslo Entero;8;2;1297.6935483870968
Pechuga Completa;1;2;0.0
Pechuga Completa;2;2;0.0
Pechuga Completa;3;2;0.0
Pechuga Completa;4;2;0.0
Pechuga Completa;5;2;0.0
Pechuga Completa;6;2;0.0
Pechuga Completa;7;2;0.0
Pechuga Completa;8;2;0.0
Ala Completa;1;2;0.0
Ala Completa;2;2;0.0
Ala Completa;3;2;0.0
Ala Completa;4;2;0.0
Ala Completa;5;2;0.0
Ala Completa;6;2;0.0
Ala Completa;7;2;0.0
Ala Completa;8;2;0.0
Media Pechuga;1;2;0.0
Media Pechuga;2;2;0.0
Media Pechuga;3;2;0.0
Media Pechuga;4;2;0.0
Media Pechuga;5;2;0.0
Media Pechuga;6;2;0.0
Media Pechuga;7;2;0.0
Media Pechuga;8;2;0.0
Blanqueta;1;2;0.0
Blanqueta;2;2;0.0
Blanqueta;3;2;0.0
Blanqueta;4;2;0.0
Blanqueta;5;2;0.0
Blanqueta;6;2;0.0
Blanqueta;7;2;0.0
Blanqueta;8;2;0.0
Alón;1;2;0.0
Alón;2;2;0.0
Alón;3;2;0.0
Alón;4;2;0.0
Alón;5;2;0.0
Alón;6;2;0.0
Alón;7;2;0.0
Alón;8;2;0.0
Punta;1;2;0.0
Punta;2;2;0.0
Punta;3;2;0.0
Punta;4;2;0.0
Punta;5;2;0.0
Punta;6;2;0.0
Punta;7;2;0.0
Punta;8;2;0.0
Jamoncito;1;2;0.0
Jamoncito;2;2;0.0
Jamoncito;3;2;0.0
Jamoncito;4;2;0.0
Jamoncito;5;2;0.0
Jamoncito;6;2;0.0
Jamoncito;7;2;0.0
Jamoncito;8;2;842.3657821632153
Medio Muslo;1;2;0.0
Medio Muslo;2;2;0.0
Medio Muslo;3;2;0.0
Medio Muslo;4;2;0.0
Medio Muslo;5;2;0.0
Medio Muslo;6;2;0.0
Medio Muslo;7;2;0.0
Medio Muslo;8;2;795.4683081006747
Entero;1;3;0.0
Entero;2;3;0.0
Entero;3;3;0.0
Entero;4;3;0.0
Entero;5;3;0.0
Entero;6;3;0.0
Entero;7;3;121.73161454939918
Entero;8;3;957.0000000000246
Medio Pollo;1;3;0.0
Medio Pollo;2;3;0.0
Medio Pollo;3;3;0.0
Medio Pollo;4;3;0.0
Medio Pollo;5;3;0.0
Medio Pollo;6;3;0.0
Medio Pollo;7;3;0.0
Medio Pollo;8;3;553.5038619657132
Medio Pollo Superior;1;3;0.0
Medio Pollo Superior;2;3;0.0
Medio Pollo Superior;3;3;0.0
Medio Pollo Superior;4;3;0.0
Medio Pollo Superior;5;3;0.0
Medio Pollo Superior;6;3;0.0
Medio Pollo Superior;7;3;0.0
Medio Pollo Superior;8;3;289.5031245790833
Medio Pollo Inferior;1;3;0.0
Medio Pollo Inferior;2;3;0.0
Medio Pollo Inferior;3;3;0.0
Medio Pollo Inferior;4;3;0.0
Medio Pollo Inferior;5;3;0.0
Medio Pollo Inferior;6;3;0.0
Medio Pollo Inferior;7;3;49.38013649982122
Medio Pollo Inferior;8;3;1110.4516129032259
Cuarto de Pollo Superior;1;3;0.0
Cuarto de Pollo Superior;2;3;0.0
Cuarto de Pollo Superior;3;3;0.0
Cuarto de Pollo Superior;4;3;0.0
Cuarto de Pollo Superior;5;3;0.0
Cuarto de Pollo Superior;6;3;0.0
Cuarto de Pollo Superior;7;3;0.0
Cuarto de Pollo Superior;8;3;1000.4773876725724
Muslo Entero;1;3;0.0
Muslo Entero;2;3;0.0
Muslo Entero;3;3;0.0
Muslo Entero;4;3;0.0
Muslo Entero;5;3;0.0
Muslo Entero;6;3;0.0
Muslo Entero;7;3;0.0
Muslo Entero;8;3;169.35007442736196
Pechuga Completa;1;3;0.0
Pechuga Completa;2;3;0.0
Pechuga Completa;3;3;0.0
Pechuga Completa;4;3;0.0
Pechuga Completa;5;3;0.0
Pechuga Completa;6;3;0.0
Pechuga Completa;7;3;0.0
Pechuga Completa;8;3;222.42424750532928
Ala Completa;1;3;0.0
Ala Completa;2;3;0.0
Ala Completa;3;3;0.0
Ala Completa;4;3;0.0
Ala Completa;5;3;0.0
Ala Completa;6;3;0.0
Ala Completa;7;3;0.0
Ala Completa;8;3;31.131208137578028
Media Pechuga;1;3;0.0
Media Pechuga;2;3;0.0
Media Pechuga;3;3;0.0
Media Pechuga;4;3;0.0
Media Pechuga;5;3;0.0
Media Pechuga;6;3;855.6960845632268
Media Pechuga;7;3;1882.7419354838712
Media Pechuga;8;3;2252.4193548387098
Blanqueta;1;3;0.0
Blanqueta;2;3;0.0
Blanqueta;3;3;0.0
Blanqueta;4;3;0.0
Blanqueta;5;3;0.0
Blanqueta;6;3;0.0
Blanqueta;7;3;0.0
Blanqueta;8;3;0.0
Alón;1;3;0.0
Alón;2;3;0.0
Alón;3;3;0.0
Alón;4;3;0.0
Alón;5;3;0.0
Alón;6;3;0.0
Alón;7;3;0.0
Alón;8;3;0.0
Punta;1;3;0.0
Punta;2;3;0.0
Punta;3;3;0.0
Punta;4;3;0.0
Punta;5;3;0.0
Punta;6;3;0.0
Punta;7;3;0.0
Punta;8;3;0.0
Jamoncito;1;3;0.0
Jamoncito;2;3;0.0
Jamoncito;3;3;0.0
Jamoncito;4;3;0.0
Jamoncito;5;3;0.0
Jamoncito;6;3;0.0
Jamoncito;7;3;435.36545400665614
Jamoncito;8;3;1090.4946236559103
Medio Muslo;1;3;0.0
Medio Muslo;2;3;0.0
Medio Muslo;3;3;0.0
Medio Muslo;4;3;0.0
Medio Muslo;5;3;0.0
Medio Muslo;6;3;0.0
Medio Muslo;7;3;0.0
Medio Muslo;8;3;0.0
Entero;1;4;0.0
Entero;2;4;0.0
Entero;3;4;0.0
Entero;4;4;0.0
Entero;5;4;0.0
Entero;6;4;0.0
Entero;7;4;0.0
Entero;8;4;422.6599445161547
Medio Pollo;1;4;0.0
Medio Pollo;2;4;0.0
Medio Pollo;3;4;0.0
Medio Pollo;4;4;0.0
Medio Pollo;5;4;0.0
Medio Pollo;6;4;0.0
Medio Pollo;7;4;0.0
Medio Pollo;8;4;304.74106497464027
Medio Pollo Superior;1;4;0.0
Medio Pollo Superior;2;4;0.0
Medio Pollo Superior;3;4;0.0
Medio Pollo Superior;4;4;0.0
Medio Pollo Superior;5;4;0.0
Medio Pollo Superior;6;4;0.0
Medio Pollo Superior;7;4;0.0
Medio Pollo Superior;8;4;754.7710437693502
Medio Pollo Inferior;1;4;0.0
Medio Pollo Inferior;2;4;0.0
Medio Pollo Inferior;3;4;0.0
Medio Pollo Inferior;4;4;0.0
Medio Pollo Inferior;5;4;0.0
Medio Pollo Inferior;6;4;0.0
Medio Pollo Inferior;7;4;0.0
Medio Pollo Inferior;8;4;661.0360201609441
Cuarto de Pollo Superior;1;4;0.0
Cuarto de Pollo Superior;2;4;0.0
Cuarto de Pollo Superior;3;4;0.0
Cuarto de Pollo Superior;4;4;0.0
Cuarto de Pollo Superior;5;4;0.0
Cuarto de Pollo Superior;6;4;0.0
Cuarto de Pollo Superior;7;4;0.0
Cuarto de Pollo Superior;8;4;0.0
Muslo Entero;1;4;0.0
Muslo Entero;2;4;0.0
Muslo Entero;3;4;0.0
Muslo Entero;4;4;0.0
Muslo Entero;5;4;0.0
Muslo Entero;6;4;0.0
Muslo Entero;7;4;0.0
Muslo Entero;8;4;1122.4304122485842
Pechuga Completa;1;4;0.0
Pechuga Completa;2;4;0.0
Pechuga Completa;3;4;0.0
Pechuga Completa;4;4;0.0
Pechuga Completa;5;4;0.0
Pechuga Completa;6;4;0.0
Pechuga Completa;7;4;499.5836727091046
Pechuga Completa;8;4;1659.193548387085
Ala Completa;1;4;0.0
Ala Completa;2;4;0.0
Ala Completa;3;4;0.0
Ala Completa;4;4;0.0
Ala Completa;5;4;0.0
Ala Completa;6;4;0.0
Ala Completa;7;4;66.22643971796549
Ala Completa;8;4;782.3225806451588
Media Pechuga;1;4;0.0
Media Pechuga;2;4;0.0
Media Pechuga;3;4;0.0
Media Pechuga;4;4;0.0
Media Pechuga;5;4;0.0
Media Pechuga;6;4;0.0
Media Pechuga;7;4;701.1494525131225
Media Pechuga;8;4;2252.4193548387098
Blanqueta;1;4;0.0
Blanqueta;2;4;0.0
Blanqueta;3;4;0.0
Blanqueta;4;4;0.0
Blanqueta;5;4;0.0
Blanqueta;6;4;0.0
Blanqueta;7;4;0.0
Blanqueta;8;4;0.0
Alón;1;4;0.0
Alón;2;4;0.0
Alón;3;4;0.0
Alón;4;4;0.0
Alón;5;4;0.0
Alón;6;4;0.0
Alón;7;4;0.0
Alón;8;4;0.0
Punta;1;4;0.0
Punta;2;4;0.0
Punta;3;4;0.0
Punta;4;4;0.0
Punta;5;4;0.0
Punta;6;4;0.0
Punta;7;4;0.0
Punta;8;4;0.0
Jamoncito;1;4;0.0
Jamoncito;2;4;0.0
Jamoncito;3;4;0.0
Jamoncito;4;4;0.0
Jamoncito;5;4;0.0
Jamoncito;6;4;0.0
Jamoncito;7;4;319.9937993173512
Jamoncito;8;4;1090.4946236559103
Medio Muslo;1;4;0.0
Medio Muslo;2;4;0.0
Medio Muslo;3;4;0.0
Medio Muslo;4;4;0.0
Medio Muslo;5;4;0.0
Medio Muslo;6;4;0.0
Medio Muslo;7;4;0.0
Medio Muslo;8;4;1661.69288130573
Entero;1;5;0.0
Entero;2;5;0.0
Entero;3;5;0.0
Entero;4;5;0.0
Entero;5;5;0.0
Entero;6;5;0.0
Entero;7;5;24.27463793143761
Entero;8;5;957.0000000000246
Medio Pollo;1;5;0.0
Medio Pollo;2;5;0.0
Medio Pollo;3;5;0.0
Medio Pollo;4;5;0.0
Medio Pollo;5;5;0.0
Medio Pollo;6;5;0.0
Medio Pollo;7;5;0.0
Medio Pollo;8;5;0.0
Medio Pollo Superior;1;5;0.0
Medio Pollo Superior;2;5;0.0
Medio Pollo Superior;3;5;0.0
Medio Pollo Superior;4;5;0.0
Medio Pollo Superior;5;5;0.0
Medio Pollo Superior;6;5;0.0
Medio Pollo Superior;7;5;0.0
Medio Pollo Superior;8;5;1266.1488467217648
Medio Pollo Inferior;1;5;0.0
Medio Pollo Inferior;2;5;0.0
Medio Pollo Inferior;3;5;0.0
Medio Pollo Inferior;4;5;0.0
Medio Pollo Inferior;5;5;0.0
Medio Pollo Inferior;6;5;0.0
Medio Pollo Inferior;7;5;0.0
Medio Pollo Inferior;8;5;399.8389683874534
Cuarto de Pollo Superior;1;5;0.0
Cuarto de Pollo Superior;2;5;0.0
Cuarto de Pollo Superior;3;5;0.0
Cuarto de Pollo Superior;4;5;0.0
Cuarto de Pollo Superior;5;5;0.0
Cuarto de Pollo Superior;6;5;0.0
Cuarto de Pollo Superior;7;5;0.0
Cuarto de Pollo Superior;8;5;0.0
Muslo Entero;1;5;0.0
Muslo Entero;2;5;0.0
Muslo Entero;3;5;0.0
Muslo Entero;4;5;0.0
Muslo Entero;5;5;0.0
Muslo Entero;6;5;0.0
Muslo Entero;7;5;0.0
Muslo Entero;8;5;744.3284289012377
Pechuga Completa;1;5;0.0
Pechuga Completa;2;5;0.0
Pechuga Completa;3;5;0.0
Pechuga Completa;4;5;0.0
Pechuga Completa;5;5;0.0
Pechuga Completa;6;5;0.0
Pechuga Completa;7;5;0.0
Pechuga Completa;8;5;981.9835395977443
Ala Completa;1;5;0.0
Ala Completa;2;5;0.0
Ala Completa;3;5;0.0
Ala Completa;4;5;0.0
Ala Completa;5;5;0.0
Ala Completa;6;5;0.0
Ala Completa;7;5;0.0
Ala Completa;8;5;575.0849252377959
Media Pechuga;1;5;0.0
Media Pechuga;2;5;0.0
Media Pechuga;3;5;0.0
Media Pechuga;4;5;0.0
Media Pechuga;5;5;0.0
Media Pechuga;6;5;0.0
Media Pechuga;7;5;0.0
Media Pechuga;8;5;876.1480310614943
Blanqueta;1;5;0.0
Blanqueta;2;5;0.0
Blanqueta;3;5;0.0
Blanqueta;4;5;0.0
Blanqueta;5;5;0.0
Blanqueta;6;5;0.0
Blanqueta;7;5;0.0
Blanqueta;8;5;0.0
Alón;1;5;0.0
Alón;2;5;0.0
Alón;3;5;0.0
Alón;4;5;0.0
Alón;5;5;0.0
Alón;6;5;0.0
Alón;7;5;0.0
Alón;8;5;0.0
Punta;1;5;0.0
Punta;2;5;0.0
Punta;3;5;0.0
Punta;4;5;0.0
Punta;5;5;0.0
Punta;6;5;0.0
Punta;7;5;0.0
Punta;8;5;0.0
Jamoncito;1;5;0.0
Jamoncito;2;5;0.0
Jamoncito;3;5;0.0
Jamoncito;4;5;0.0
Jamoncito;5;5;0.0
Jamoncito;6;5;0.0
Jamoncito;7;5;30.33189053568003
Jamoncito;8;5;1090.4946236559103
Medio Muslo;1;5;0.0
Medio Muslo;2;5;0.0
Medio Muslo;3;5;0.0
Medio Muslo;4;5;0.0
Medio Muslo;5;5;0.0
Medio Muslo;6;5;0.0
Medio Muslo;7;5;0.0
Medio Muslo;8;5;511.29338709480885
Entero;1;6;0.0
Entero;2;6;0.0
Entero;3;6;0.0
Entero;4;6;0.0
Entero;5;6;0.0
Entero;6;6;0.0
Entero;7;6;0.0
Entero;8;6;170.20971063344166
Medio Pollo;1;6;0.0
Medio Pollo;2;6;0.0
Medio Pollo;3;6;0.0
Medio Pollo;4;6;0.0
Medio Pollo;5;6;0.0
Medio Pollo;6;6;0.0
Medio Pollo;7;6;0.0
Medio Pollo;8;6;0.0
Medio Pollo Superior;1;6;0.0
Medio Pollo Superior;2;6;0.0
Medio Pollo Superior;3;6;0.0
Medio Pollo Superior;4;6;0.0
Medio Pollo Superior;5;6;0.0
Medio Pollo Superior;6;6;0.0
Medio Pollo Superior;7;6;0.0
Medio Pollo Superior;8;6;188.66723199138096
Medio Pollo Inferior;1;6;0.0
Medio Pollo Inferior;2;6;0.0
Medio Pollo Inferior;3;6;0.0
Medio Pollo Inferior;4;6;0.0
Medio Pollo Inferior;5;6;0.0
Medio Pollo Inferior;6;6;0.0
Medio Pollo Inferior;7;6;473.36756239717226
Medio Pollo Inferior;8;6;1110.4516129032259
Cuarto de Pollo Superior;1;6;0.0
Cuarto de Pollo Superior;2;6;0.0
Cuarto de Pollo Superior;3;6;0.0
Cuarto de Pollo Superior;4;6;0.0
Cuarto de Pollo Superior;5;6;0.0
Cuarto de Pollo Superior;6;6;0.0
Cuarto de Pollo Superior;7;6;0.0
Cuarto de Pollo Superior;8;6;872.172320933551
Muslo Entero;1;6;0.0
Muslo Entero;2;6;0.0
Muslo Entero;3;6;0.0
Muslo Entero;4;6;0.0
Muslo Entero;5;6;0.0
Muslo Entero;6;6;0.0
Muslo Entero;7;6;0.0
Muslo Entero;8;6;721.6377221341954
Pechuga Completa;1;6;0.0
Pechuga Completa;2;6;0.0
Pechuga Completa;3;6;0.0
Pechuga Completa;4;6;0.0
Pechuga Completa;5;6;0.0
Pechuga Completa;6;6;0.0
Pechuga Completa;7;6;0.0
Pechuga Completa;8;6;0.0
Ala Completa;1;6;0.0
Ala Completa;2;6;0.0
Ala Completa;3;6;0.0
Ala Completa;4;6;0.0
Ala Completa;5;6;0.0
Ala Completa;6;6;0.0
Ala Completa;7;6;0.0
Ala Completa;8;6;43.77426986986177
Media Pechuga;1;6;0.0
Media Pechuga;2;6;0.0
Media Pechuga;3;6;0.0
Media Pechuga;4;6;0.0
Media Pechuga;5;6;0.0
Media Pechuga;6;6;0.0
Media Pechuga;7;6;293.17077081101866
Media Pechuga;8;6;2252.4193548387098
Blanqueta;1;6;0.0
Blanqueta;2;6;0.0
Blanqueta;3;6;0.0
Blanqueta;4;6;0.0
Blanqueta;5;6;0.0
Blanqueta;6;6;0.0
Blanqueta;7;6;0.0
Blanqueta;8;6;0.0
Alón;1;6;0.0
Alón;2;6;0.0
Alón;3;6;0.0
Alón;4;6;0.0
Alón;5;6;0.0
Alón;6;6;0.0
Alón;7;6;0.0
Alón;8;6;0.0
Punta;1;6;0.0
Punta;2;6;0.0
Punta;3;6;0.0
Punta;4;6;0.0
Punta;5;6;0.0
Punta;6;6;0.0
Punta;7;6;0.0
Punta;8;6;0.0
Jamoncito;1;6;0.0
Jamoncito;2;6;0.0
Jamoncito;3;6;0.0
Jamoncito;4;6;0.0
Jamoncito;5;6;0.0
Jamoncito;6;6;0.0
Jamoncito;7;6;0.0
Jamoncito;8;6;0.0
Medio Muslo;1;6;0.0
Medio Muslo;2;6;0.0
Medio Muslo;3;6;0.0
Medio Muslo;4;6;0.0
Medio Muslo;5;6;0.0
Medio Muslo;6;6;0.0
Medio Muslo;7;6;0.0
Medio Muslo;8;6;0.0
Entero;1;7;0.0
Entero;2;7;0.0
Entero;3;7;0.0
Entero;4;7;0.0
Entero;5;7;0.0
Entero;6;7;0.0
Entero;7;7;0.0
Entero;8;7;839.0018153159181
Medio Pollo;1;7;0.0
Medio Pollo;2;7;0.0
Medio Pollo;3;7;0.0
Medio Pollo;4;7;0.0
Medio Pollo;5;7;0.0
Medio Pollo;6;7;0.0
Medio Pollo;7;7;0.0
Medio Pollo;8;7;613.5605809408249
Medio Pollo Superior;1;7;0.0
Medio Pollo Superior;2;7;0.0
Medio Pollo Superior;3;7;0.0
Medio Pollo Superior;4;7;0.0
Medio Pollo Superior;5;7;0.0
Medio Pollo Superior;6;7;0.0
Medio Pollo Superior;7;7;154.8616944053199
Medio Pollo Superior;8;7;1323.8709677419356
Medio Pollo Inferior;1;7;0.0
Medio Pollo Inferior;2;7;0.0
Medio Pollo Inferior;3;7;0.0
Medio Pollo Inferior;4;7;0.0
Medio Pollo Inferior;5;7;0.0
Medio Pollo Inferior;6;7;0.0
Medio Pollo Inferior;7;7;0.0
Medio Pollo Inferior;8;7;356.4700460574253
Cuarto de Pollo Superior;1;7;0.0
Cuarto de Pollo Superior;2;7;0.0
Cuarto de Pollo Superior;3;7;0.0
Cuarto de Pollo Superior;4;7;0.0
Cuarto de Pollo Superior;5;7;0.0
Cuarto de Pollo Superior;6;7;0.0
Cuarto de Pollo Superior;7;7;0.0
Cuarto de Pollo Superior;8;7;111.59401029051219
Muslo Entero;1;7;0.0
Muslo Entero;2;7;0.0
Muslo Entero;3;7;0.0
Muslo Entero;4;7;0.0
Muslo Entero;5;7;0.0
Muslo Entero;6;7;0.0
Muslo Entero;7;7;0.0
Muslo Entero;8;7;1295.205780080583
Pechuga Completa;1;7;0.0
Pechuga Completa;2;7;0.0
Pechuga Completa;3;7;0.0
Pechuga Completa;4;7;0.0
Pechuga Completa;5;7;0.0
Pechuga Completa;6;7;0.0
Pechuga Completa;7;7;0.0
Pechuga Completa;8;7;539.4330458266013
Ala Completa;1;7;0.0
Ala Completa;2;7;0.0
Ala Completa;3;7;0.0
Ala Completa;4;7;0.0
Ala Completa;5;7;0.0
Ala Completa;6;7;669.4485119656821
Ala Completa;7;7;773.1290322580645
Ala Completa;8;7;782.3225806451588
Media Pechuga;1;7;0.0
Media Pechuga;2;7;0.0
Media Pechuga;3;7;0.0
Media Pechuga;4;7;0.0
Media Pechuga;5;7;0.0
Media Pechuga;6;7;0.0
Media Pechuga;7;7;0.0
Media Pechuga;8;7;156.9851415216749
Blanqueta;1;7;0.0
Blanqueta;2;7;0.0
Blanqueta;3;7;0.0
Blanqueta;4;7;0.0
Blanqueta;5;7;0.0
Blanqueta;6;7;0.0
Blanqueta;7;7;0.0
Blanqueta;8;7;0.0
Alón;1;7;0.0
Alón;2;7;0.0
Alón;3;7;0.0
Alón;4;7;0.0
Alón;5;7;0.0
Alón;6;7;0.0
Alón;7;7;0.0
Alón;8;7;0.0
Punta;1;7;0.0
Punta;2;7;0.0
Punta;3;7;0.0
Punta;4;7;0.0
Punta;5;7;0.0
Punta;6;7;0.0
Punta;7;7;0.0
Punta;8;7;0.0
Jamoncito;1;7;0.0
Jamoncito;2;7;0.0
Jamoncito;3;7;0.0
Jamoncito;4;7;0.0
Jamoncito;5;7;0.0
Jamoncito;6;7;0.0
Jamoncito;7;7;0.0
Jamoncito;8;7;429.31609355618116
Medio Muslo;1;7;0.0
Medio Muslo;2;7;0.0
Medio Muslo;3;7;0.0
Medio Muslo;4;7;0.0
Medio Muslo;5;7;0.0
Medio Muslo;6;7;0.0
Medio Muslo;7;7;0.0
Medio Muslo;8;7;979.6537333924152
Entero;1;8;0.0
Entero;2;8;0.0
Entero;3;8;0.0
Entero;4;8;0.0
Entero;5;8;0.0
Entero;6;8;0.0
Entero;7;8;0.0
Entero;8;8;122.78070695134534
Medio Pollo;1;8;0.0
Medio Pollo;2;8;0.0
Medio Pollo;3;8;0.0
Medio Pollo;4;8;0.0
Medio Pollo;5;8;0.0
Medio Pollo;6;8;0.0
Medio Pollo;7;8;0.0
Medio Pollo;8;8;0.0
Medio Pollo Superior;1;8;0.0
Medio Pollo Superior;2;8;0.0
Medio Pollo Superior;3;8;0.0
Medio Pollo Superior;4;8;0.0
Medio Pollo Superior;5;8;0.0
Medio Pollo Superior;6;8;0.0
Medio Pollo Superior;7;8;0.0
Medio Pollo Superior;8;8;0.0
Medio Pollo Inferior;1;8;0.0
Medio Pollo Inferior;2;8;0.0
Medio Pollo Inferior;3;8;0.0
Medio Pollo Inferior;4;8;0.0
Medio Pollo Inferior;5;8;0.0
Medio Pollo Inferior;6;8;0.0
Medio Pollo Inferior;7;8;0.0
Medio Pollo Inferior;8;8;154.9378103619183
Cuarto de Pollo Superior;1;8;0.0
Cuarto de Pollo Superior;2;8;0.0
Cuarto de Pollo Superior;3;8;0.0
Cuarto de Pollo Superior;4;8;0.0
Cuarto de Pollo Superior;5;8;0.0
Cuarto de Pollo Superior;6;8;0.0
Cuarto de Pollo Superior;7;8;0.0
Cuarto de Pollo Superior;8;8;249.66944152156043
Muslo Entero;1;8;0.0
Muslo Entero;2;8;0.0
Muslo Entero;3;8;0.0
Muslo Entero;4;8;0.0
Muslo Entero;5;8;0.0
Muslo Entero;6;8;0.0
Muslo Entero;7;8;0.0
Muslo Entero;8;8;1060.1900043085107
Pechuga Completa;1;8;0.0
Pechuga Completa;2;8;0.0
Pechuga Completa;3;8;0.0
Pechuga Completa;4;8;0.0
Pechuga Completa;5;8;0.0
Pechuga Completa;6;8;0.0
Pechuga Completa;7;8;0.0
Pechuga Completa;8;8;446.5509352635529
Ala Completa;1;8;0.0
Ala Completa;2;8;0.0
Ala Completa;3;8;0.0
Ala Completa;4;8;0.0
Ala Completa;5;8;0.0
Ala Completa;6;8;0.0
Ala Completa;7;8;0.0
Ala Completa;8;8;194.71449660098676
Media Pechuga;1;8;0.0
Media Pechuga;2;8;0.0
Media Pechuga;3;8;0.0
Media Pechuga;4;8;0.0
Media Pechuga;5;8;0.0
Media Pechuga;6;8;0.0
Media Pechuga;7;8;0.0
Media Pechuga;8;8;0.0
Blanqueta;1;8;0.0
Blanqueta;2;8;0.0
Blanqueta;3;8;0.0
Blanqueta;4;8;0.0
Blanqueta;5;8;0.0
Blanqueta;6;8;0.0
Blanqueta;7;8;0.0
Blanqueta;8;8;0.0
Alón;1;8;0.0
Alón;2;8;0.0
Alón;3;8;0.0
Alón;4;8;0.0
Alón;5;8;0.0
Alón;6;8;0.0
Alón;7;8;0.0
Alón;8;8;0.0
Punta;1;8;0.0
Punta;2;8;0.0
Punta;3;8;0.0
Punta;4;8;0.0
Punta;5;8;0.0
Punta;6;8;0.0
Punta;7;8;0.0
Punta;8;8;0.0
Jamoncito;1;8;0.0
Jamoncito;2;8;0.0
Jamoncito;3;8;0.0
Jamoncito;4;8;0.0
Jamoncito;5;8;0.0
Jamoncito;6;8;0.0
Jamoncito;7;8;0.0
Jamoncito;8;8;273.15295958283616
Medio Muslo;1;8;0.0
Medio Muslo;2;8;0.0
Medio Muslo;3;8;0.0
Medio Muslo;4;8;0.0
Medio Muslo;5;8;0.0
Medio Muslo;6;8;0.0
Medio Muslo;7;8;0.0
Medio Muslo;8;8;0.0
Entero;1;9;0.0
Entero;2;9;0.0
Entero;3;9;0.0
Entero;4;9;0.0
Entero;5;9;0.0
Entero;6;9;0.0
Entero;7;9;0.0
Entero;8;9;0.0
Medio Pollo;1;9;0.0
Medio Pollo;2;9;0.0
Medio Pollo;3;9;0.0
Medio Pollo;4;9;0.0
Medio Pollo;5;9;971.8758550640873
Medio Pollo;6;9;1083.0
Medio Pollo;7;9;1067.5
Medio Pollo;8;9;1056.5
Medio Pollo Superior;1;9;0.0
Medio Pollo Superior;2;9;0.0
Medio Pollo Superior;3;9;0.0
Medio Pollo Superior;4;9;0.0
Medio Pollo Superior;5;9;0.0
Medio Pollo Superior;6;9;0.0
Medio Pollo Superior;7;9;0.0
Medio Pollo Superior;8;9;0.0
Medio Pollo Inferior;1;9;0.0
Medio Pollo Inferior;2;9;0.0
Medio Pollo Inferior;3;9;0.0
Medio Pollo Inferior;4;9;0.0
Medio Pollo Inferior;5;9;0.0
Medio Pollo Inferior;6;9;0.0
Medio Pollo Inferior;7;9;946.2157637723013
Medio Pollo Inferior;8;9;1110.4516129032259
Cuarto de Pollo Superior;1;9;0.0
Cuarto de Pollo Superior;2;9;0.0
Cuarto de Pollo Superior;3;9;0.0
Cuarto de Pollo Superior;4;9;0.0
Cuarto de Pollo Superior;5;9;0.0
Cuarto de Pollo Superior;6;9;0.0
Cuarto de Pollo Superior;7;9;529.3512300382583
Cuarto de Pollo Superior;8;9;1522.7419354838712
Muslo Entero;1;9;0.0
Muslo Entero;2;9;0.0
Muslo Entero;3;9;0.0
Muslo Entero;4;9;0.0
Muslo Entero;5;9;0.0
Muslo Entero;6;9;0.0
Muslo Entero;7;9;0.0
Muslo Entero;8;9;327.88308323624756
Pechuga Completa;1;9;0.0
Pechuga Completa;2;9;0.0
Pechuga Completa;3;9;0.0
Pechuga Completa;4;9;0.0
Pechuga Completa;5;9;0.0
Pechuga Completa;6;9;0.0
Pechuga Completa;7;9;0.0
Pechuga Completa;8;9;0.0
Ala Completa;1;9;0.0
Ala Completa;2;9;0.0
Ala Completa;3;9;0.0
Ala Completa;4;9;0.0
Ala Completa;5;9;0.0
Ala Completa;6;9;0.0
Ala Completa;7;9;0.0
Ala Completa;8;9;374.67150577048653
Media Pechuga;1;9;0.0
Media Pechuga;2;9;0.0
Media Pechuga;3;9;0.0
Media Pechuga;4;9;0.0
Media Pechuga;5;9;0.0
Media Pechuga;6;9;0.0
Media Pechuga;7;9;0.0
Media Pechuga;8;9;899.4803759212618
Blanqueta;1;9;0.0
Blanqueta;2;9;0.0
Blanqueta;3;9;0.0
Blanqueta;4;9;0.0
Blanqueta;5;9;0.0
Blanqueta;6;9;0.0
Blanqueta;7;9;0.0
Blanqueta;8;9;0.0
Alón;1;9;0.0
Alón;2;9;0.0
Alón;3;9;0.0
Alón;4;9;0.0
Alón;5;9;0.0
Alón;6;9;0.0
Alón;7;9;0.0
Alón;8;9;0.0
Punta;1;9;0.0
Punta;2;9;0.0
Punta;3;9;0.0
Punta;4;9;0.0
Punta;5;9;0.0
Punta;6;9;0.0
Punta;7;9;0.0
Punta;8;9;0.0
Jamoncito;1;9;0.0
Jamoncito;2;9;0.0
Jamoncito;3;9;0.0
Jamoncito;4;9;0.0
Jamoncito;5;9;0.0
Jamoncito;6;9;0.0
Jamoncito;7;9;0.0
Jamoncito;8;9;0.0
Medio Muslo;1;9;0.0
Medio Muslo;2;9;0.0
Medio Muslo;3;9;0.0
Medio Muslo;4;9;0.0
Medio Muslo;5;9;0.0
Medio Muslo;6;9;640.5269326757702
Medio Muslo;7;9;1944.3548387096773
Medio Muslo;8;9;1947.3118279569826
Entero;1;10;0.0
Entero;2;10;0.0
Entero;3;10;0.0
Entero;4;10;0.0
Entero;5;10;0.0
Entero;6;10;0.0
Entero;7;10;0.0
Entero;8;10;136.70880064230175
Medio Pollo;1;10;0.0
Medio Pollo;2;10;0.0
Medio Pollo;3;10;0.0
Medio Pollo;4;10;0.0
Medio Pollo;5;10;0.0
Medio Pollo;6;10;0.0
Medio Pollo;7;10;0.0
Medio Pollo;8;10;82.57319047110968
Medio Pollo Superior;1;10;0.0
Medio Pollo Superior;2;10;0.0
Medio Pollo Superior;3;10;0.0
Medio Pollo Superior;4;10;0.0
Medio Pollo Superior;5;10;0.0
Medio Pollo Superior;6;10;0.0
Medio Pollo Superior;7;10;0.0
Medio Pollo Superior;8;10;1099.495638436831
Medio Pollo Inferior;1;10;0.0
Medio Pollo Inferior;2;10;0.0
Medio Pollo Inferior;3;10;0.0
Medio Pollo Inferior;4;10;0.0
Medio Pollo Inferior;5;10;0.0
Medio Pollo Inferior;6;10;0.0
Medio Pollo Inferior;7;10;0.0
Medio Pollo Inferior;8;10;982.4375242769229
Cuarto de Pollo Superior;1;10;0.0
Cuarto de Pollo Superior;2;10;0.0
Cuarto de Pollo Superior;3;10;0.0
Cuarto de Pollo Superior;4;10;0.0
Cuarto de Pollo Superior;5;10;0.0
Cuarto de Pollo Superior;6;10;0.0
Cuarto de Pollo Superior;7;10;0.0
Cuarto de Pollo Superior;8;10;330.92511246310846
Muslo Entero;1;10;0.0
Muslo Entero;2;10;0.0
Muslo Entero;3;10;0.0
Muslo Entero;4;10;0.0
Muslo Entero;5;10;0.0
Muslo Entero;6;10;0.0
Muslo Entero;7;10;0.0
Muslo Entero;8;10;678.9998352561884
Pechuga Completa;1;10;0.0
Pechuga Completa;2;10;0.0
Pechuga Completa;3;10;0.0
Pechuga Completa;4;10;0.0
Pechuga Completa;5;10;0.0
Pechuga Completa;6;10;0.0
Pechuga Completa;7;10;0.0
Pechuga Completa;8;10;191.46974486651084
Ala Completa;1;10;0.0
Ala Completa;2;10;0.0
Ala Completa;3;10;0.0
Ala Completa;4;10;0.0
Ala Completa;5;10;0.0
Ala Completa;6;10;0.0
Ala Completa;7;10;0.0
Ala Completa;8;10;297.58926967041907
Media Pechuga;1;10;0.0
Media Pechuga;2;10;0.0
Media Pechuga;3;10;0.0
Media Pechuga;4;10;0.0
Media Pechuga;5;10;0.0
Media Pechuga;6;10;0.0
Media Pechuga;7;10;0.0
Media Pechuga;8;10;465.5511689153211
Blanqueta;1;10;0.0
Blanqueta;2;10;0.0
Blanqueta;3;10;0.0
Blanqueta;4;10;0.0
Blanqueta;5;10;0.0
Blanqueta;6;10;0.0
Blanqueta;7;10;0.0
Blanqueta;8;10;0.0
Alón;1;10;0.0
Alón;2;10;0.0
Alón;3;10;0.0
Alón;4;10;0.0
Alón;5;10;0.0
Alón;6;10;0.0
Alón;7;10;0.0
Alón;8;10;0.0
Punta;1;10;0.0
Punta;2;10;0.0
Punta;3;10;0.0
Punta;4;10;0.0
Punta;5;10;0.0
Punta;6;10;0.0
Punta;7;10;0.0
Punta;8;10;0.0
Jamoncito;1;10;0.0
Jamoncito;2;10;0.0
Jamoncito;3;10;0.0
Jamoncito;4;10;0.0
Jamoncito;5;10;0.0
Jamoncito;6;10;0.0
Jamoncito;7;10;171.02863444278535
Jamoncito;8;10;1090.4946236559103
Medio Muslo;1;10;0.0
Medio Muslo;2;10;0.0
Medio Muslo;3;10;0.0
Medio Muslo;4;10;0.0
Medio Muslo;5;10;0.0
Medio Muslo;6;10;0.0
Medio Muslo;7;10;0.0
Medio Muslo;8;10;1666.5566037771232
Entero;1;11;0.0
Entero;2;11;0.0
Entero;3;11;0.0
Entero;4;11;0.0
Entero;5;11;0.0
Entero;6;11;0.0
Entero;7;11;0.0
Entero;8;11;586.5753853745272
Medio Pollo;1;11;0.0
Medio Pollo;2;11;0.0
Medio Pollo;3;11;0.0
Medio Pollo;4;11;0.0
Medio Pollo;5;11;0.0
Medio Pollo;6;11;0.0
Medio Pollo;7;11;0.0
Medio Pollo;8;11;13.882394581104109
Medio Pollo Superior;1;11;0.0
Medio Pollo Superior;2;11;0.0
Medio Pollo Superior;3;11;0.0
Medio Pollo Superior;4;11;0.0
Medio Pollo Superior;5;11;0.0
Medio Pollo Superior;6;11;47.05340137719122
Medio Pollo Superior;7;11;1344.774193548387
Medio Pollo Superior;8;11;1323.8709677419356
Medio Pollo Inferior;1;11;0.0
Medio Pollo Inferior;2;11;0.0
Medio Pollo Inferior;3;11;0.0
Medio Pollo Inferior;4;11;0.0
Medio Pollo Inferior;5;11;0.0
Medio Pollo Inferior;6;11;0.0
Medio Pollo Inferior;7;11;0.0
Medio Pollo Inferior;8;11;343.092918221678
Cuarto de Pollo Superior;1;11;0.0
Cuarto de Pollo Superior;2;11;0.0
Cuarto de Pollo Superior;3;11;0.0
Cuarto de Pollo Superior;4;11;0.0
Cuarto de Pollo Superior;5;11;0.0
Cuarto de Pollo Superior;6;11;0.0
Cuarto de Pollo Superior;7;11;0.0
Cuarto de Pollo Superior;8;11;1351.763733014804
Muslo Entero;1;11;0.0
Muslo Entero;2;11;0.0
Muslo Entero;3;11;0.0
Muslo Entero;4;11;0.0
Muslo Entero;5;11;0.0
Muslo Entero;6;11;0.0
Muslo Entero;7;11;1292.9934406442467
Muslo Entero;8;11;1297.6935483870968
Pechuga Completa;1;11;0.0
Pechuga Completa;2;11;0.0
Pechuga Completa;3;11;0.0
Pechuga Completa;4;11;0.0
Pechuga Completa;5;11;0.0
Pechuga Completa;6;11;0.0
Pechuga Completa;7;11;0.0
Pechuga Completa;8;11;116.60856171752698
Ala Completa;1;11;0.0
Ala Completa;2;11;0.0
Ala Completa;3;11;0.0
Ala Completa;4;11;0.0
Ala Completa;5;11;0.0
Ala Completa;6;11;0.0
Ala Completa;7;11;0.0
Ala Completa;8;11;265.57050261641825
Media Pechuga;1;11;0.0
Media Pechuga;2;11;0.0
Media Pechuga;3;11;0.0
Media Pechuga;4;11;0.0
Media Pechuga;5;11;0.0
Media Pechuga;6;11;0.0
Media Pechuga;7;11;0.0
Media Pechuga;8;11;0.0
Blanqueta;1;11;0.0
Blanqueta;2;11;0.0
Blanqueta;3;11;0.0
Blanqueta;4;11;0.0
Blanqueta;5;11;0.0
Blanqueta;6;11;0.0
Blanqueta;7;11;0.0
Blanqueta;8;11;0.0
Alón;1;11;0.0
Alón;2;11;0.0
Alón;3;11;0.0
Alón;4;11;0.0
Alón;5;11;0.0
Alón;6;11;0.0
Alón;7;11;0.0
Alón;8;11;0.0
Punta;1;11;0.0
Punta;2;11;0.0
Punta;3;11;0.0
Punta;4;11;0.0
Punta;5;11;0.0
Punta;6;11;0.0
Punta;7;11;0.0
Punta;8;11;0.0
Jamoncito;1;11;0.0
Jamoncito;2;11;0.0
Jamoncito;3;11;0.0
Jamoncito;4;11;0.0
Jamoncito;5;11;0.0
Jamoncito;6;11;880.090422662008
Jamoncito;7;11;1088.8387096774195
Jamoncito;8;11;1090.4946236559103
Medio Muslo;1;11;0.0
Medio Muslo;2;11;0.0
Medio Muslo;3;11;0.0
Medio Muslo;4;11;0.0
Medio Muslo;5;11;0.0
Medio Muslo;6;11;0.0
Medio Muslo;7;11;0.0
Medio Muslo;8;11;0.0
Entero;1;12;0.0
Entero;2;12;0.0
Entero;3;12;0.0
Entero;4;12;0.0
Entero;5;12;0.0
Entero;6;12;0.0
Entero;7;12;0.0
Entero;8;12;260.63346756686474
Medio Pollo;1;12;0.0
Medio Pollo;2;12;0.0
Medio Pollo;3;12;0.0
Medio Pollo;4;12;0.0
Medio Pollo;5;12;0.0
Medio Pollo;6;12;0.0
Medio Pollo;7;12;0.0
Medio Pollo;8;12;539.493245338225
Medio Pollo Superior;1;12;0.0
Medio Pollo Superior;2;12;0.0
Medio Pollo Superior;3;12;0.0
Medio Pollo Superior;4;12;0.0
Medio Pollo Superior;5;12;0.0
Medio Pollo Superior;6;12;623.6714991250185
Medio Pollo Superior;7;12;1344.774193548387
Medio Pollo Superior;8;12;1323.8709677419356
Medio Pollo Inferior;1;12;0.0
Medio Pollo Inferior;2;12;0.0
Medio Pollo Inferior;3;12;0.0
Medio Pollo Inferior;4;12;0.0
Medio Pollo Inferior;5;12;0.0
Medio Pollo Inferior;6;12;0.0
Medio Pollo Inferior;7;12;0.0
Medio Pollo Inferior;8;12;842.4151563581847
Cuarto de Pollo Superior;1;12;0.0
Cuarto de Pollo Superior;2;12;0.0
Cuarto de Pollo Superior;3;12;0.0
Cuarto de Pollo Superior;4;12;0.0
Cuarto de Pollo Superior;5;12;0.0
Cuarto de Pollo Superior;6;12;1344.138666406934
Cuarto de Pollo Superior;7;12;1543.0645161290322
Cuarto de Pollo Superior;8;12;1522.7419354838712
Muslo Entero;1;12;0.0
Muslo Entero;2;12;0.0
Muslo Entero;3;12;0.0
Muslo Entero;4;12;0.0
Muslo Entero;5;12;0.0
Muslo Entero;6;12;0.0
Muslo Entero;7;12;442.6976695432129
Muslo Entero;8;12;1297.6935483870968
Pechuga Completa;1;12;0.0
Pechuga Completa;2;12;0.0
Pechuga Completa;3;12;0.0
Pechuga Completa;4;12;0.0
Pechuga Completa;5;12;0.0
Pechuga Completa;6;12;0.0
Pechuga Completa;7;12;0.0
Pechuga Completa;8;12;0.0
Ala Completa;1;12;0.0
Ala Completa;2;12;0.0
Ala Completa;3;12;0.0
Ala Completa;4;12;0.0
Ala Completa;5;12;0.0
Ala Completa;6;12;0.0
Ala Completa;7;12;0.0
Ala Completa;8;12;386.4459285838511
Media Pechuga;1;12;0.0
Media Pechuga;2;12;0.0
Media Pechuga;3;12;0.0
Media Pechuga;4;12;0.0
Media Pechuga;5;12;0.0
Media Pechuga;6;12;0.0
Media Pechuga;7;12;0.0
Media Pechuga;8;12;520.6340274526096
Blanqueta;1;12;0.0
Blanqueta;2;12;0.0
Blanqueta;3;12;0.0
Blanqueta;4;12;0.0
Blanqueta;5;12;0.0
Blanqueta;6;12;0.0
Blanqueta;7;12;0.0
Blanqueta;8;12;0.0
Alón;1;12;0.0
Alón;2;12;0.0
Alón;3;12;0.0
Alón;4;12;0.0
Alón;5;12;0.0
Alón;6;12;0.0
Alón;7;12;0.0
Alón;8;12;0.0
Punta;1;12;0.0
Punta;2;12;0.0
Punta;3;12;0.0
Punta;4;12;0.0
Punta;5;12;0.0
Punta;6;12;0.0
Punta;7;12;0.0
Punta;8;12;0.0
Jamoncito;1;12;0.0
Jamoncito;2;12;0.0
Jamoncito;3;12;0.0
Jamoncito;4;12;0.0
Jamoncito;5;12;0.0
Jamoncito;6;12;520.7211731624703
Jamoncito;7;12;1088.8387096774195
Jamoncito;8;12;1090.4946236559103
Medio Muslo;1;12;0.0
Medio Muslo;2;12;0.0
Medio Muslo;3;12;0.0
Medio Muslo;4;12;0.0
Medio Muslo;5;12;0.0
Medio Muslo;6;12;0.0
Medio Muslo;7;12;1405.1264405160355
Medio Muslo;8;12;1947.3118279569826
Entero;1;13;0.0
Entero;2;13;0.0
Entero;3;13;0.0
Entero;4;13;0.0
Entero;5;13;0.0
Entero;6;13;0.0
Entero;7;13;0.0
Entero;8;13;24.7082340813123
Medio Pollo;1;13;0.0
Medio Pollo;2;13;0.0
Medio Pollo;3;13;0.0
Medio Pollo;4;13;0.0
Medio Pollo;5;13;0.0
Medio Pollo;6;13;0.0
Medio Pollo;7;13;0.0
Medio Pollo;8;13;1023.7243992680599
Medio Pollo Superior;1;13;0.0
Medio Pollo Superior;2;13;0.0
Medio Pollo Superior;3;13;0.0
Medio Pollo Superior;4;13;0.0
Medio Pollo Superior;5;13;0.0
Medio Pollo Superior;6;13;0.0
Medio Pollo Superior;7;13;0.0
Medio Pollo Superior;8;13;551.817491661759
Medio Pollo Inferior;1;13;0.0
Medio Pollo Inferior;2;13;0.0
Medio Pollo Inferior;3;13;0.0
Medio Pollo Inferior;4;13;0.0
Medio Pollo Inferior;5;13;0.0
Medio Pollo Inferior;6;13;0.0
Medio Pollo Inferior;7;13;0.0
Medio Pollo Inferior;8;13;1025.1733996909031
Cuarto de Pollo Superior;1;13;0.0
Cuarto de Pollo Superior;2;13;0.0
Cuarto de Pollo Superior;3;13;0.0
Cuarto de Pollo Superior;4;13;0.0
Cuarto de Pollo Superior;5;13;0.0
Cuarto de Pollo Superior;6;13;0.0
Cuarto de Pollo Superior;7;13;0.0
Cuarto de Pollo Superior;8;13;217.12590603669196
Muslo Entero;1;13;0.0
Muslo Entero;2;13;0.0
Muslo Entero;3;13;0.0
Muslo Entero;4;13;0.0
Muslo Entero;5;13;0.0
Muslo Entero;6;13;0.0
Muslo Entero;7;13;0.0
Muslo Entero;8;13;175.60061773811685
Pechuga Completa;1;13;0.0
Pechuga Completa;2;13;0.0
Pechuga Completa;3;13;0.0
Pechuga Completa;4;13;0.0
Pechuga Completa;5;13;0.0
Pechuga Completa;6;13;539.8266199871014
Pechuga Completa;7;13;1982.9032258064517
Pechuga Completa;8;13;1659.193548387085
Ala Completa;1;13;0.0
Ala Completa;2;13;0.0
Ala Completa;3;13;0.0
Ala Completa;4;13;0.0
Ala Completa;5;13;0.0
Ala Completa;6;13;0.0
Ala Completa;7;13;0.0
Ala Completa;8;13;332.1369269030504
Media Pechuga;1;13;0.0
Media Pechuga;2;13;0.0
Media Pechuga;3;13;0.0
Media Pechuga;4;13;0.0
Media Pechuga;5;13;0.0
Media Pechuga;6;13;0.0
Media Pechuga;7;13;0.0
Media Pechuga;8;13;1835.7564461245609
Blanqueta;1;13;0.0
Blanqueta;2;13;0.0
Blanqueta;3;13;0.0
Blanqueta;4;13;0.0
Blanqueta;5;13;0.0
Blanqueta;6;13;0.0
Blanqueta;7;13;0.0
Blanqueta;8;13;0.0
Alón;1;13;0.0
Alón;2;13;0.0
Alón;3;13;0.0
Alón;4;13;0.0
Alón;5;13;0.0
Alón;6;13;0.0
Alón;7;13;0.0
Alón;8;13;0.0
Punta;1;13;0.0
Punta;2;13;0.0
Punta;3;13;0.0
Punta;4;13;0.0
Punta;5;13;0.0
Punta;6;13;0.0
Punta;7;13;0.0
Punta;8;13;0.0
Jamoncito;1;13;0.0
Jamoncito;2;13;0.0
Jamoncito;3;13;0.0
Jamoncito;4;13;0.0
Jamoncito;5;13;0.0
Jamoncito;6;13;0.0
Jamoncito;7;13;1043.1222897238338
Jamoncito;8;13;1090.4946236559103
Medio Muslo;1;13;0.0
Medio Muslo;2;13;0.0
Medio Muslo;3;13;0.0
Medio Muslo;4;13;0.0
Medio Muslo;5;13;0.0
Medio Muslo;6;13;0.0
Medio Muslo;7;13;0.0
Medio Muslo;8;13;580.9025633753761
Entero;1;14;0.0
Entero;2;14;0.0
Entero;3;14;0.0
Entero;4;14;0.0
Entero;5;14;0.0
Entero;6;14;0.0
Entero;7;14;0.0
Entero;8;14;0.0
Medio Pollo;1;14;0.0
Medio Pollo;2;14;0.0
Medio Pollo;3;14;0.0
Medio Pollo;4;14;0.0
Medio Pollo;5;14;0.0
Medio Pollo;6;14;0.0
Medio Pollo;7;14;605.6788058555965
Medio Pollo;8;14;1056.5
Medio Pollo Superior;1;14;0.0
Medio Pollo Superior;2;14;0.0
Medio Pollo Superior;3;14;0.0
Medio Pollo Superior;4;14;0.0
Medio Pollo Superior;5;14;0.0
Medio Pollo Superior;6;14;0.0
Medio Pollo Superior;7;14;0.0
Medio Pollo Superior;8;14;0.0
Medio Pollo Inferior;1;14;0.0
Medio Pollo Inferior;2;14;0.0
Medio Pollo Inferior;3;14;0.0
Medio Pollo Inferior;4;14;0.0
Medio Pollo Inferior;5;14;0.0
Medio Pollo Inferior;6;14;0.0
Medio Pollo Inferior;7;14;0.0
Medio Pollo Inferior;8;14;485.19941527455546
Cuarto de Pollo Superior;1;14;0.0
Cuarto de Pollo Superior;2;14;0.0
Cuarto de Pollo Superior;3;14;0.0
Cuarto de Pollo Superior;4;14;0.0
Cuarto de Pollo Superior;5;14;0.0
Cuarto de Pollo Superior;6;14;0.0
Cuarto de Pollo Superior;7;14;0.0
Cuarto de Pollo Superior;8;14;0.0
Muslo Entero;1;14;0.0
Muslo Entero;2;14;0.0
Muslo Entero;3;14;0.0
Muslo Entero;4;14;0.0
Muslo Entero;5;14;0.0
Muslo Entero;6;14;0.0
Muslo Entero;7;14;0.0
Muslo Entero;8;14;913.0798058355144
Pechuga Completa;1;14;0.0
Pechuga Completa;2;14;0.0
Pechuga Completa;3;14;0.0
Pechuga Completa;4;14;0.0
Pechuga Completa;5;14;0.0
Pechuga Completa;6;14;0.0
Pechuga Completa;7;14;0.0
Pechuga Completa;8;14;1606.622505422715
Ala Completa;1;14;0.0
Ala Completa;2;14;0.0
Ala Completa;3;14;0.0
Ala Completa;4;14;0.0
Ala Completa;5;14;0.0
Ala Completa;6;14;0.0
Ala Completa;7;14;0.0
Ala Completa;8;14;0.0
Media Pechuga;1;14;0.0
Media Pechuga;2;14;0.0
Media Pechuga;3;14;0.0
Media Pechuga;4;14;0.0
Media Pechuga;5;14;0.0
Media Pechuga;6;14;0.0
Media Pechuga;7;14;783.8084777831778
Media Pechuga;8;14;2252.4193548387098
Blanqueta;1;14;0.0
Blanqueta;2;14;0.0
Blanqueta;3;14;0.0
Blanqueta;4;14;0.0
Blanqueta;5;14;0.0
Blanqueta;6;14;0.0
Blanqueta;7;14;0.0
Blanqueta;8;14;0.0
Alón;1;14;0.0
Alón;2;14;0.0
Alón;3;14;0.0
Alón;4;14;0.0
Alón;5;14;0.0
Alón;6;14;0.0
Alón;7;14;0.0
Alón;8;14;0.0
Punta;1;14;0.0
Punta;2;14;0.0
Punta;3;14;0.0
Punta;4;14;0.0
Punta;5;14;0.0
Punta;6;14;0.0
Punta;7;14;0.0
Punta;8;14;0.0
Jamoncito;1;14;0.0
Jamoncito;2;14;0.0
Jamoncito;3;14;0.0
Jamoncito;4;14;0.0
Jamoncito;5;14;0.0
Jamoncito;6;14;0.0
Jamoncito;7;14;0.0
Jamoncito;8;14;0.0
Medio Muslo;1;14;0.0
Medio Muslo;2;14;0.0
Medio Muslo;3;14;0.0
Medio Muslo;4;14;0.0
Medio Muslo;5;14;0.0
Medio Muslo;6;14;0.0
Medio Muslo;7;14;0.0
Medio Muslo;8;14;26.277146600932156
Entero;1;15;0.0
Entero;2;15;0.0
Entero;3;15;0.0
Entero;4;15;0.0
Entero;5;15;0.0
Entero;6;15;0.0
Entero;7;15;669.2774925172926
Entero;8;15;957.0000000000246
Medio Pollo;1;15;0.0
Medio Pollo;2;15;0.0
Medio Pollo;3;15;0.0
Medio Pollo;4;15;0.0
Medio Pollo;5;15;0.0
Medio Pollo;6;15;0.0
Medio Pollo;7;15;0.0
Medio Pollo;8;15;911.7320878782511
Medio Pollo Superior;1;15;0.0
Medio Pollo Superior;2;15;0.0
Medio Pollo Superior;3;15;0.0
Medio Pollo Superior;4;15;0.0
Medio Pollo Superior;5;15;0.0
Medio Pollo Superior;6;15;0.0
Medio Pollo Superior;7;15;0.0
Medio Pollo Superior;8;15;0.0
Medio Pollo Inferior;1;15;0.0
Medio Pollo Inferior;2;15;0.0
Medio Pollo Inferior;3;15;0.0
Medio Pollo Inferior;4;15;0.0
Medio Pollo Inferior;5;15;0.0
Medio Pollo Inferior;6;15;0.0
Medio Pollo Inferior;7;15;883.4472079801263
Medio Pollo Inferior;8;15;1110.4516129032259
Cuarto de Pollo Superior;1;15;0.0
Cuarto de Pollo Superior;2;15;0.0
Cuarto de Pollo Superior;3;15;0.0
Cuarto de Pollo Superior;4;15;0.0
Cuarto de Pollo Superior;5;15;0.0
Cuarto de Pollo Superior;6;15;0.0
Cuarto de Pollo Superior;7;15;0.0
Cuarto de Pollo Superior;8;15;0.0
Muslo Entero;1;15;0.0
Muslo Entero;2;15;0.0
Muslo Entero;3;15;0.0
Muslo Entero;4;15;0.0
Muslo Entero;5;15;0.0
Muslo Entero;6;15;0.0
Muslo Entero;7;15;0.0
Muslo Entero;8;15;0.0
Pechuga Completa;1;15;0.0
Pechuga Completa;2;15;0.0
Pechuga Completa;3;15;0.0
Pechuga Completa;4;15;0.0
Pechuga Completa;5;15;0.0
Pechuga Completa;6;15;0.0
Pechuga Completa;7;15;624.8552688186633
Pechuga Completa;8;15;1659.193548387085
Ala Completa;1;15;0.0
Ala Completa;2;15;0.0
Ala Completa;3;15;0.0
Ala Completa;4;15;0.0
Ala Completa;5;15;0.0
Ala Completa;6;15;0.0
Ala Completa;7;15;0.0
Ala Completa;8;15;685.224006803333
Media Pechuga;1;15;0.0
Media Pechuga;2;15;0.0
Media Pechuga;3;15;0.0
Media Pechuga;4;15;0.0
Media Pechuga;5;15;0.0
Media Pechuga;6;15;345.4071150173331
Media Pechuga;7;15;1882.7419354838712
Media Pechuga;8;15;2252.4193548387098
Blanqueta;1;15;0.0
Blanqueta;2;15;0.0
Blanqueta;3;15;0.0
Blanqueta;4;15;0.0
Blanqueta;5;15;0.0
Blanqueta;6;15;0.0
Blanqueta;7;15;0.0
Blanqueta;8;15;0.0
Alón;1;15;0.0
Alón;2;15;0.0
Alón;3;15;0.0
Alón;4;15;0.0
Alón;5;15;0.0
Alón;6;15;0.0
Alón;7;15;0.0
Alón;8;15;0.0
Punta;1;15;0.0
Punta;2;15;0.0
Punta;3;15;0.0
Punta;4;15;0.0
Punta;5;15;0.0
Punta;6;15;0.0
Punta;7;15;0.0
Punta;8;15;0.0
Jamoncito;1;15;0.0
Jamoncito;2;15;0.0
Jamoncito;3;15;0.0
Jamoncito;4;15;0.0
Jamoncito;5;15;0.0
Jamoncito;6;15;0.0
Jamoncito;7;15;898.5492924042776
Jamoncito;8;15;1090.4946236559103
Medio Muslo;1;15;0.0
Medio Muslo;2;15;0.0
Medio Muslo;3;15;0.0
Medio Muslo;4;15;0.0
Medio Muslo;5;15;0.0
Medio Muslo;6;15;0.0
Medio Muslo;7;15;0.0
Medio Muslo;8;15;568.3417859306844
